FullName,Password,Email,ID
Prof. Ahmed Sabry,AS1978,Ahmed@gmail.com,ADM3679
Eng. Farah El-Baz,farah!!90,Farah El@gmail.com,ADM8126
Dr. Kareem Yasser,#%$#8&,Kareem@gmail.com,ADM6230
Prof. Nour Mahmoud,nour12345*,Nour@gmail.com,ADM9914
Eng. Mona Fathy,999^^mona,Mona@gmail.com,ADM4308
Dr. Omar Abdelrahman,OAbd0&2,Omar@gmail.com,ADM7765
Prof. Salma Hany,salma*12345,Salma@gmail.com,ADM1097
Eng. Tarek Mostafa,ET1979,Tarek@gmail.com,ADM5842
Dr. Layla El-Amin,layla8*,Layla El@gmail.com,ADM2031
Eng. Youssef Mansour,NUM77,Youssef@gmail.com,ADM1800
Dr.Aya Saad,#75#,aya@gmail.com,2344557
Dr.Shahd Mazen,shosh,shahd@gmail.com,6656484648
Dr Zainab Gamal,zoz123,zainab@gmail.com,87769777
thoraya,th67789,thoraya123@gmail.com,1123214
thotho,334555etef,thora@gmail.com,44444
thoraya khaled,hamed1515,thoraya@gmail.com,12345677898
